<?xml version="1.0" encoding="UTF-8"?>
<project-private xmlns="http://www.netbeans.org/ns/project-private/1">
    <editor-bookmarks xmlns="http://www.netbeans.org/ns/editor-bookmarks/2" lastBookmarkId="0"/>
    <open-files xmlns="http://www.netbeans.org/ns/projectui-open-files/2">
        <group>
            <file>file:/C:/Users/LENOVO/Desktop/Smart%20Canteen%20Management%20System-20200909T050614Z-001/Smart%20Canteen%20Management%20System/src/smart/canteen/management/system/CashierMenu.java</file>
            <file>file:/C:/Users/LENOVO/Desktop/Smart%20Canteen%20Management%20System-20200909T050614Z-001/Smart%20Canteen%20Management%20System/src/smart/canteen/management/system/Sales.java</file>
            <file>file:/C:/Users/LENOVO/Desktop/Smart%20Canteen%20Management%20System-20200909T050614Z-001/Smart%20Canteen%20Management%20System/src/smart/canteen/management/system/EmployeesInfo.java</file>
            <file>file:/C:/Users/LENOVO/Desktop/Smart%20Canteen%20Management%20System-20200909T050614Z-001/Smart%20Canteen%20Management%20System/src/smart/canteen/management/system/First_page.java</file>
            <file>file:/C:/Users/LENOVO/Desktop/Smart%20Canteen%20Management%20System-20200909T050614Z-001/Smart%20Canteen%20Management%20System/src/smart/canteen/management/system/CreateReceipt.java</file>
            <file>file:/C:/Users/LENOVO/Desktop/Smart%20Canteen%20Management%20System-20200909T050614Z-001/Smart%20Canteen%20Management%20System/src/smart/canteen/management/system/AddMeals.java</file>
            <file>file:/C:/Users/LENOVO/Desktop/Smart%20Canteen%20Management%20System-20200909T050614Z-001/Smart%20Canteen%20Management%20System/src/smart/canteen/management/system/Welcome_page.java</file>
            <file>file:/C:/Users/LENOVO/Desktop/Smart%20Canteen%20Management%20System-20200909T050614Z-001/Smart%20Canteen%20Management%20System/src/smart/canteen/management/system/Cashier.java</file>
            <file>file:/C:/Users/LENOVO/Desktop/Smart%20Canteen%20Management%20System-20200909T050614Z-001/Smart%20Canteen%20Management%20System/src/smart/canteen/management/system/Meals.java</file>
            <file>file:/C:/Users/LENOVO/Desktop/Smart%20Canteen%20Management%20System-20200909T050614Z-001/Smart%20Canteen%20Management%20System/src/smart/canteen/management/system/ReceiptInfo.java</file>
            <file>file:/C:/Users/LENOVO/Desktop/Smart%20Canteen%20Management%20System-20200909T050614Z-001/Smart%20Canteen%20Management%20System/src/smart/canteen/management/system/AddEmployee.java</file>
            <file>file:/C:/Users/LENOVO/Desktop/Smart%20Canteen%20Management%20System-20200909T050614Z-001/Smart%20Canteen%20Management%20System/src/smart/canteen/management/system/MealsInfo.java</file>
            <file>file:/C:/Users/LENOVO/Desktop/Smart%20Canteen%20Management%20System-20200909T050614Z-001/Smart%20Canteen%20Management%20System/src/smart/canteen/management/system/Cashier_AccountInfo.java</file>
            <file>file:/C:/Users/LENOVO/Desktop/Smart%20Canteen%20Management%20System-20200909T050614Z-001/Smart%20Canteen%20Management%20System/src/smart/canteen/management/system/SignIn.java</file>
            <file>file:/C:/Users/LENOVO/Desktop/Smart%20Canteen%20Management%20System-20200909T050614Z-001/Smart%20Canteen%20Management%20System/src/smart/canteen/management/system/Check.java</file>
            <file>file:/C:/Users/LENOVO/Desktop/Smart%20Canteen%20Management%20System-20200909T050614Z-001/Smart%20Canteen%20Management%20System/src/smart/canteen/management/system/Receipt.java</file>
            <file>file:/C:/Users/LENOVO/Desktop/Smart%20Canteen%20Management%20System-20200909T050614Z-001/Smart%20Canteen%20Management%20System/src/smart/canteen/management/system/Waiter.java</file>
            <file>file:/C:/Users/LENOVO/Desktop/Smart%20Canteen%20Management%20System-20200909T050614Z-001/Smart%20Canteen%20Management%20System/src/smart/canteen/management/system/SalesInfo.java</file>
            <file>file:/C:/Users/LENOVO/Desktop/Smart%20Canteen%20Management%20System-20200909T050614Z-001/Smart%20Canteen%20Management%20System/src/smart/canteen/management/system/RegistrationFormCashier.java</file>
            <file>file:/C:/Users/LENOVO/Desktop/Smart%20Canteen%20Management%20System-20200909T050614Z-001/Smart%20Canteen%20Management%20System/src/smart/canteen/management/system/Manager_AccountInfo.java</file>
            <file>file:/C:/Users/LENOVO/Desktop/Smart%20Canteen%20Management%20System-20200909T050614Z-001/Smart%20Canteen%20Management%20System/src/smart/canteen/management/system/CustomerInfo.java</file>
            <file>file:/C:/Users/LENOVO/Desktop/Smart%20Canteen%20Management%20System-20200909T050614Z-001/Smart%20Canteen%20Management%20System/src/smart/canteen/management/system/RegistrationFormManager.java</file>
            <file>file:/C:/Users/LENOVO/Desktop/Smart%20Canteen%20Management%20System-20200909T050614Z-001/Smart%20Canteen%20Management%20System/src/smart/canteen/management/system/Customer.java</file>
            <file>file:/C:/Users/LENOVO/Desktop/Smart%20Canteen%20Management%20System-20200909T050614Z-001/Smart%20Canteen%20Management%20System/src/smart/canteen/management/system/Menu.java</file>
            <file>file:/C:/Users/LENOVO/Desktop/Smart%20Canteen%20Management%20System-20200909T050614Z-001/Smart%20Canteen%20Management%20System/src/smart/canteen/management/system/Chef.java</file>
        </group>
    </open-files>
</project-private>
